,brand,processor_brand,processor_name,processor_gnrtn,ram_gb,ram_type,ssd,hdd,os,os_bit,graphic_card_gb,weight,warranty,Touchscreen,msoffice,Price,rating,Number of Ratings,Number of Reviews
0,1,1,1,0,2,1,0,1,2,1,0,0,3,0,0,34649,1,3,0
1,5,1,1,0,2,1,0,1,2,1,0,0,3,0,0,38999,2,65,5
2,5,1,1,0,2,1,0,1,2,1,0,0,3,0,0,39999,2,8,1
3,1,1,2,0,3,1,6,0,2,0,1,0,3,0,0,69990,2,0,0
4,1,1,0,7,2,1,0,3,2,1,0,0,3,0,0,26990,2,0,0
5,1,1,0,7,2,1,0,3,2,1,0,0,3,0,0,22990,2,0,0
6,1,1,0,7,2,1,0,3,2,0,0,0,3,0,0,21990,2,31,3
7,1,1,2,0,3,1,0,1,2,0,1,0,3,0,0,58799,2,0,0
8,5,1,2,0,2,1,0,1,2,0,0,0,3,0,0,49999,2,0,0
9,7,0,8,0,2,1,0,3,2,0,2,0,3,0,0,59990,3,1946,240
10,7,0,8,0,2,1,0,3,2,0,3,0,3,0,0,93700,3,259,47
11,7,0,8,0,2,1,0,3,2,0,2,0,3,0,0,72990,3,425,67
12,2,1,0,7,2,1,0,3,2,1,0,0,3,0,0,17490,2,1120,196
14,1,1,1,1,2,1,4,0,2,1,0,0,3,0,0,35990,2,0,0
15,4,1,1,1,3,1,4,0,2,1,0,0,0,1,0,56490,2,0,0
16,4,1,2,1,3,1,4,0,2,1,0,0,0,0,0,65390,2,0,0
17,5,1,0,7,2,1,4,0,2,1,0,2,3,0,0,31999,3,286,19
18,4,1,0,7,3,1,4,0,2,1,0,2,3,0,0,32490,3,58,6
19,5,1,0,7,2,1,4,0,2,1,0,2,3,0,0,31799,2,0,0
20,1,1,0,7,2,1,4,0,2,1,0,0,3,0,0,29890,3,7,0
21,1,1,0,7,2,1,0,1,2,1,0,0,0,0,0,23990,2,15279,1947
22,4,1,1,4,2,1,0,1,2,1,0,0,3,0,0,32955,3,311,27
23,4,1,2,4,2,1,0,1,2,0,1,0,3,0,0,46200,3,47,7
24,1,1,1,1,2,1,4,0,2,1,0,2,3,0,0,34429,3,37,6
25,5,1,1,0,3,1,4,0,2,0,0,2,1,0,1,37990,3,2080,235
26,1,1,1,1,2,1,4,0,2,0,0,0,0,0,1,35990,3,1479,181
27,1,1,1,0,3,1,4,0,2,1,0,2,3,0,0,33980,3,67,3
28,4,1,1,1,3,1,4,0,2,1,0,2,0,0,1,39990,3,273,30
29,3,1,1,0,3,1,4,0,2,1,0,2,0,0,1,39490,3,1267,171
30,4,1,1,1,3,1,4,0,2,1,0,0,0,1,1,53990,3,14,0
31,7,1,1,1,3,1,4,0,2,1,0,2,0,0,0,38990,2,0,0
32,1,1,1,1,3,1,4,0,2,1,0,2,0,0,0,37990,3,284,39
33,1,1,1,1,3,1,4,0,2,1,0,0,0,0,1,37890,3,44,5
34,5,1,1,1,3,1,4,0,2,1,0,2,0,0,0,38990,3,33,4
35,5,1,1,0,3,1,4,0,2,1,0,2,3,0,0,37990,3,286,36
36,3,1,1,1,3,1,4,0,2,1,0,2,0,0,1,41990,2,10,5
37,1,1,1,1,3,1,4,0,2,1,0,0,0,0,0,45990,3,816,147
38,5,1,1,1,3,1,4,0,2,1,0,2,0,0,0,39990,3,543,65
39,3,1,1,1,3,1,4,0,2,1,0,2,3,0,0,42490,3,9,1
40,3,1,1,0,2,1,4,0,2,1,0,2,0,0,1,36990,3,1178,137
41,5,1,1,1,3,1,4,0,2,1,0,0,0,1,1,53990,3,299,41
42,1,1,1,1,3,1,4,0,2,1,0,2,3,0,0,36990,3,20,1
43,5,1,1,0,2,1,4,0,2,1,0,0,1,0,0,38940,3,758,64
44,3,1,1,0,2,1,4,0,2,1,0,0,0,0,1,39490,3,634,64
46,5,1,1,0,3,1,4,0,2,1,0,0,1,0,1,39999,4,4,0
47,3,1,1,1,3,1,4,0,2,1,0,2,0,0,0,42990,3,17,2
48,3,1,1,1,3,1,4,0,2,1,0,0,0,1,0,49990,3,24,5
49,3,1,1,1,3,1,4,0,2,1,0,2,0,0,1,41490,3,1753,165
50,3,1,1,1,3,1,4,0,2,1,0,2,3,0,0,41990,3,216,21
51,5,1,1,1,3,1,4,0,2,1,0,2,0,0,1,41990,3,1084,160
52,1,1,1,1,3,1,4,0,2,1,0,0,0,0,0,38490,2,19,3
53,5,1,1,1,2,1,4,0,2,1,0,2,0,0,1,38990,3,106,13
54,5,1,1,1,2,1,4,0,2,1,0,0,0,0,1,44990,3,42,4
55,5,1,1,0,2,1,4,0,2,1,0,2,3,0,0,36490,2,0,0
56,5,1,1,0,3,1,4,0,2,0,0,0,3,0,0,38970,2,0,0
57,4,1,1,1,2,1,4,0,2,1,0,2,0,0,1,44900,3,1029,107
58,6,1,1,0,2,1,4,0,2,1,0,2,3,0,0,38990,3,53,11
59,3,1,1,1,2,1,4,0,2,1,0,2,3,0,0,44427,2,0,0
60,1,1,1,0,2,1,4,0,2,1,0,0,0,0,0,35990,2,0,0
61,5,1,1,0,2,1,4,0,2,1,0,0,0,0,1,40200,2,48,1
62,5,1,1,0,2,1,4,0,2,0,0,0,3,0,0,40990,2,3,0
63,3,1,1,0,2,1,4,0,2,1,0,2,0,0,0,42490,2,0,0
64,7,1,0,7,2,1,0,3,2,0,0,0,3,0,0,23990,2,61,4
65,3,1,1,1,2,1,4,0,2,1,0,0,3,1,0,71999,3,97,13
66,1,1,1,1,2,1,4,0,2,1,0,0,0,0,0,39990,3,181,19
67,5,1,1,0,2,1,4,0,2,1,0,0,0,0,1,41998,3,529,39
68,1,1,1,1,2,1,4,0,2,0,0,0,3,0,0,41990,2,0,0
69,5,1,1,0,2,1,4,0,2,1,0,0,1,0,1,39999,2,0,0
70,1,1,1,0,2,1,4,0,2,0,0,0,3,0,0,39990,2,0,0
71,5,1,1,1,2,1,4,0,2,1,0,0,3,0,0,39998,3,10,1
72,4,1,1,1,2,1,4,0,2,1,0,2,0,0,1,42490,3,5205,561
73,5,1,1,0,2,1,4,0,2,0,0,0,3,0,0,41990,2,3,0
74,1,1,1,1,2,1,4,0,2,0,0,0,3,0,0,48490,2,0,0
75,4,1,1,1,2,1,4,0,2,1,0,2,0,0,1,44376,3,1090,96
76,3,1,1,1,2,1,4,0,2,0,0,0,3,0,0,43900,2,0,0
77,3,1,1,1,2,1,4,0,2,1,0,0,0,0,0,46690,2,0,0
78,5,1,1,0,2,1,4,0,2,0,0,0,3,0,0,40990,4,1,1
79,3,1,1,0,2,1,4,0,2,1,0,2,0,0,0,39990,3,44,2
80,5,1,1,1,2,1,4,0,2,1,0,2,3,0,0,43990,2,0,0
81,1,1,1,1,2,1,4,0,2,1,0,2,0,0,0,36990,3,70,9
82,3,1,1,1,3,1,4,0,2,1,0,0,0,0,0,48500,2,0,0
83,1,1,1,1,3,1,4,0,2,1,0,0,3,0,0,48990,2,0,0
84,1,1,0,7,2,4,0,3,2,0,0,0,3,0,0,23490,3,632,92
85,4,1,1,5,2,1,4,0,2,1,0,0,0,1,1,54238,3,71,8
86,1,1,1,0,3,1,6,0,2,1,0,0,0,0,0,37990,3,990,108
87,4,1,1,1,3,1,6,0,2,1,0,2,0,0,1,42990,3,158,18
88,4,1,1,1,3,1,6,0,2,1,0,2,0,0,1,42990,3,681,59
89,1,1,1,0,2,1,6,0,2,1,0,0,0,0,0,35990,3,130,12
90,1,1,1,1,3,1,6,0,2,1,0,0,0,0,0,42990,3,30,4
91,1,1,1,1,3,5,6,0,2,0,0,0,0,1,1,51990,3,6,2
92,1,1,1,1,3,1,6,0,2,1,0,0,0,0,0,48990,3,174,30
93,1,1,1,1,3,1,6,0,2,1,0,0,0,0,0,42990,3,40,7
94,5,1,1,0,3,1,6,0,2,1,0,2,0,0,0,38990,2,13,1
95,3,1,1,1,3,1,6,0,2,1,0,2,3,0,0,45990,3,184,29
96,4,1,1,0,3,1,6,0,2,1,0,2,0,0,1,42490,3,1296,126
97,4,1,1,1,3,1,6,0,2,1,0,2,0,0,1,43970,3,571,56
98,1,1,1,0,2,1,6,0,2,1,0,2,0,0,1,39990,3,2551,297
99,6,1,1,1,3,1,6,0,2,1,0,2,3,0,0,48990,3,17,3
100,4,1,1,1,3,1,6,0,2,1,0,0,0,0,1,54990,3,35,3
101,6,1,1,0,3,1,6,0,2,1,0,2,3,0,0,40990,3,118,17
102,1,1,1,1,3,1,6,0,2,1,0,2,0,0,1,41990,2,0,0
103,5,1,1,1,3,1,6,0,2,1,0,2,0,1,0,54990,3,245,34
104,1,1,1,1,3,1,6,0,2,1,0,0,0,0,1,44990,3,2058,305
105,4,1,1,1,3,1,6,0,2,1,0,0,0,0,0,41250,3,117,11
106,4,1,1,1,3,1,6,0,2,1,0,2,3,0,0,44990,2,0,0
107,1,1,1,1,3,1,6,0,2,1,0,0,0,0,0,42990,3,74,11
108,3,1,1,1,3,1,6,0,2,1,0,0,0,1,0,60790,3,10,1
109,4,1,1,1,3,1,6,0,2,1,0,0,3,0,0,45650,3,39,4
110,3,1,1,0,3,1,6,0,2,1,0,2,0,0,1,41990,2,29,7
111,3,1,1,0,3,1,6,0,2,1,0,2,0,0,0,45490,3,43,4
112,1,1,1,1,3,1,6,0,2,1,0,2,0,0,1,44990,2,0,0
113,5,1,1,1,3,1,6,0,2,1,0,2,1,0,1,42990,3,984,99
114,4,1,1,1,2,1,6,0,2,1,0,2,0,0,1,45490,3,523,66
115,4,1,1,0,2,1,6,0,2,0,0,0,3,0,0,38799,3,30,1
116,4,1,1,1,2,1,6,0,2,1,0,0,0,1,1,69267,2,0,0
117,1,1,1,1,2,1,6,0,2,1,0,0,0,0,1,51649,2,0,0
118,4,1,1,1,2,1,6,0,2,1,0,2,0,0,1,47990,3,1605,215
119,1,1,1,0,2,1,6,0,2,1,0,0,0,0,0,40990,3,4008,519
120,1,1,1,0,2,1,6,0,2,1,0,2,0,0,1,42990,3,1869,234
121,1,1,1,1,2,1,6,0,2,1,0,0,0,0,0,44890,2,7,0
122,1,1,1,0,2,1,6,0,2,1,0,0,0,0,0,41490,3,4008,519
123,4,1,1,1,2,1,6,0,2,0,0,2,0,0,0,50990,2,0,0
124,4,1,1,1,2,1,6,0,2,1,0,2,0,0,1,48900,3,1278,135
126,3,1,1,0,2,1,6,0,2,1,0,0,3,0,0,41790,2,0,0
127,5,1,1,1,2,1,6,0,2,1,0,0,0,1,1,57999,2,10,2
128,3,1,1,1,3,1,6,0,2,1,0,2,3,0,0,45930,2,0,0
129,4,1,1,1,3,1,6,0,2,1,0,0,0,1,1,55490,3,143,15
130,1,1,1,0,3,1,0,1,2,1,0,0,0,0,0,32890,2,28,4
131,5,1,1,0,3,1,0,1,2,1,0,2,0,0,1,35990,3,2124,233
132,3,1,1,1,3,1,0,1,2,1,0,2,3,0,0,42490,3,276,40
133,3,1,1,1,3,1,0,1,2,1,0,2,3,0,0,42190,2,250,21
134,3,1,1,0,3,1,0,1,2,1,0,2,0,0,1,39490,3,1917,189
135,4,1,1,1,3,1,0,1,2,1,0,2,0,0,1,43690,3,4999,490
136,1,1,1,0,2,1,0,1,2,1,0,0,0,0,0,35990,2,17,0
137,3,1,1,1,3,1,0,1,2,0,0,0,3,0,0,43800,3,17,0
138,5,1,1,0,3,1,0,1,2,0,0,0,3,0,0,38990,2,0,0
139,1,1,1,0,2,1,0,1,2,1,0,2,0,0,0,34990,2,4203,490
140,1,1,1,1,3,1,0,1,2,1,0,0,0,0,0,38900,2,13,0
141,3,1,1,0,2,1,0,1,2,1,0,2,0,0,0,39990,2,15,1
142,3,1,1,0,2,1,0,1,2,0,0,0,3,0,0,40890,3,527,46
143,5,1,1,0,2,1,0,1,2,1,0,2,0,0,0,36990,2,103,10
144,4,1,1,1,2,1,0,1,2,1,0,2,0,0,1,39990,2,324,45
145,4,1,1,1,2,1,0,1,2,1,0,2,0,0,1,41990,3,69,5
146,3,1,1,1,2,1,0,1,2,0,0,0,3,0,0,43970,2,16,0
147,4,1,1,1,2,1,0,1,2,1,0,2,0,0,0,39790,2,40,3
148,1,1,1,0,2,1,0,1,2,0,0,2,3,0,0,35590,2,12,1
149,4,1,1,0,2,1,0,1,2,1,0,2,0,0,1,36490,2,1146,175
150,1,1,1,0,2,1,0,1,2,1,0,2,0,0,1,38990,3,1850,216
151,1,1,1,0,2,1,0,1,2,0,0,2,3,0,0,33990,2,43,7
152,3,1,1,0,2,1,0,1,2,1,0,0,0,0,1,43400,3,231,26
153,1,1,0,7,2,4,0,3,2,0,0,0,3,0,0,24990,3,502,93
154,4,1,1,0,2,1,0,1,2,1,0,2,0,0,1,40750,3,1096,116
155,3,1,1,0,2,1,0,1,2,1,0,2,0,0,1,43000,3,313,35
156,1,1,1,0,2,1,0,1,2,1,0,0,3,0,0,38000,3,7,0
157,3,1,1,1,3,1,0,1,2,1,0,2,0,0,1,37990,2,265,46
158,4,1,1,4,3,1,0,1,2,1,1,0,3,0,0,49279,3,38,3
159,5,1,1,0,3,1,0,1,2,0,0,0,3,0,0,38999,2,7,2
160,1,1,1,1,3,1,0,1,2,0,0,0,3,0,0,41500,2,4,0
161,7,1,1,1,2,1,0,1,2,0,0,0,3,0,0,36999,2,0,0
162,3,1,1,1,3,1,0,1,2,0,0,0,3,0,0,42900,2,0,0
163,1,1,0,7,2,4,0,3,2,0,0,0,3,0,0,21490,2,818,113
164,3,1,1,1,3,1,0,1,2,0,0,0,3,0,0,41480,2,25,4
165,1,1,1,0,3,1,0,1,2,1,0,0,3,0,0,32990,1,12,0
166,1,1,1,1,3,1,0,1,2,1,0,0,0,0,0,38680,2,17,1
167,1,1,0,7,2,4,0,3,2,0,0,0,3,0,0,23990,3,974,170
168,3,1,1,0,3,1,0,1,2,1,0,2,3,0,0,40390,2,83,15
169,1,1,1,0,2,1,0,1,2,1,0,2,3,0,0,33990,2,31,6
170,1,1,0,7,2,4,0,3,2,0,0,0,3,0,0,20490,2,637,91
171,3,1,1,0,3,1,4,1,2,1,0,2,0,0,1,41490,4,7,5
172,3,1,1,1,3,1,4,1,2,1,0,0,3,0,0,45490,3,207,16
173,3,1,1,1,3,1,4,1,2,1,0,0,3,0,0,44490,3,844,103
174,1,1,1,1,3,1,4,1,2,1,0,0,0,0,1,41890,3,53,6
175,3,1,1,1,2,1,4,1,2,1,0,2,0,0,1,42990,3,62,7
176,7,1,1,1,3,1,4,1,2,1,0,0,3,0,0,40990,3,38,2
177,3,1,1,1,3,1,4,1,2,1,0,2,0,0,0,48990,3,724,92
178,3,1,1,1,2,1,4,1,2,1,0,2,0,0,1,43590,2,0,0
179,3,1,1,0,2,1,4,1,2,1,0,0,0,0,0,44690,3,9,0
180,1,1,1,0,2,1,4,1,2,1,0,0,3,0,0,40990,2,0,0
181,3,1,1,1,2,1,4,1,2,1,0,2,0,0,1,43990,2,0,0
183,3,1,1,0,2,1,4,1,2,1,0,2,0,0,1,41390,3,56,7
184,3,1,1,0,2,1,4,1,2,1,0,2,0,0,1,44290,2,0,0
185,3,1,1,1,2,1,4,1,2,1,0,0,0,0,0,48999,2,0,0
186,3,1,1,1,2,1,4,1,2,1,0,2,0,0,1,39990,2,170,11
187,3,1,1,0,3,1,4,1,2,1,0,2,3,0,0,46390,1,95,5
188,1,1,0,7,2,4,0,3,2,1,0,0,3,0,0,18990,2,197,25
189,1,1,0,7,2,4,0,3,2,0,0,0,3,0,0,17990,2,1180,148
190,4,1,0,7,2,1,0,3,2,1,0,0,3,0,0,26470,2,232,23
191,4,1,0,7,2,1,0,3,2,1,0,0,3,0,0,27990,2,596,65
192,5,1,0,7,2,1,0,1,2,0,0,0,3,0,0,29999,2,19,1
193,5,1,0,7,2,5,0,3,2,1,0,0,3,0,0,25990,2,84,16
194,5,1,0,7,2,4,0,3,2,0,0,0,3,0,0,16990,2,414,54
195,5,1,0,7,2,4,0,3,2,0,0,0,3,0,0,24990,1,70,16
196,7,1,2,7,3,2,0,3,2,0,2,0,3,0,0,50990,3,10966,1185
197,7,1,2,7,3,4,0,3,2,0,0,0,0,0,0,119990,3,1,1
198,7,1,2,0,3,4,0,3,0,0,0,0,3,0,0,94190,3,31,6
199,1,1,2,0,3,4,0,3,0,0,2,0,3,0,0,106167,3,1881,241
200,3,1,2,0,3,4,0,3,0,0,2,0,0,0,0,68090,0,23,4
201,3,1,2,0,3,4,0,3,0,0,0,2,0,0,0,139990,2,0,0
202,4,1,2,0,3,4,0,3,0,0,0,2,3,0,0,55990,3,818,109
203,4,1,2,0,3,4,0,3,0,0,2,0,3,0,0,102551,2,0,0
204,5,1,2,0,3,4,0,3,0,0,1,0,3,0,0,46990,3,4428,569
205,4,1,2,5,3,1,2,0,2,1,0,2,0,0,0,76012,3,129,16
206,5,1,2,1,3,1,4,0,2,1,0,0,1,0,1,49490,3,365,35
207,7,1,2,4,3,0,4,0,2,1,0,2,0,0,1,86867,3,39,3
208,1,1,2,1,3,1,4,0,2,1,0,2,0,0,0,48990,2,0,0
209,3,1,2,1,3,1,4,0,2,1,0,2,3,0,0,55990,2,3,0
210,7,1,2,5,3,0,4,0,2,1,0,2,0,1,1,81998,3,14,3
211,4,1,2,5,3,1,4,0,2,1,0,0,0,1,1,136590,2,0,0
212,7,1,2,5,3,1,4,0,2,1,0,2,0,0,0,59490,2,33,7
213,1,1,2,1,3,1,4,0,2,1,0,2,0,0,0,49800,2,0,0
214,5,1,2,1,3,1,4,0,2,1,0,0,0,0,1,61999,1,4,0
215,4,1,2,1,3,1,6,0,2,1,0,2,3,0,0,54990,3,116,15
216,4,1,2,1,3,1,6,0,2,1,0,2,0,0,0,53990,3,206,17
217,5,1,2,1,3,1,6,0,2,1,0,0,1,0,1,52990,3,300,24
218,4,1,2,1,0,1,6,0,2,1,0,2,0,0,1,67990,3,108,6
219,1,1,2,0,3,1,6,0,2,1,2,1,0,0,0,57990,3,3712,412
220,5,1,2,1,0,1,6,0,2,1,0,2,0,0,1,62300,3,825,95
221,5,1,2,1,3,1,6,0,2,1,0,2,0,0,0,52990,2,0,0
222,5,1,2,1,3,1,6,0,2,1,0,2,1,0,1,51990,3,85,4
223,5,1,2,1,0,1,6,0,2,1,0,2,3,0,0,61990,3,56,7
224,1,1,2,1,3,5,6,0,2,0,0,0,0,1,1,63990,3,10,1
225,5,1,2,1,3,1,6,0,2,1,0,0,0,0,1,65990,3,17,4
226,7,1,2,1,3,1,6,0,2,1,0,2,0,0,0,52990,3,155,20
227,5,1,2,0,3,1,6,0,2,1,0,2,0,0,0,49990,2,0,0
228,1,1,2,1,3,1,6,0,2,1,2,1,3,0,0,71990,3,91,17
229,1,1,2,0,3,1,6,0,2,1,0,0,0,0,0,47990,3,35,2
230,5,1,2,0,3,1,6,0,2,0,0,2,1,0,1,48490,3,126,13
231,1,1,2,1,3,1,6,0,2,1,2,1,3,0,0,72990,3,74,10
232,6,1,2,1,0,1,6,0,2,1,2,0,1,0,0,76990,3,75,17
233,1,1,2,1,0,1,6,0,2,1,3,1,0,0,1,89990,3,124,17
234,6,1,2,0,3,1,6,0,2,1,2,0,1,0,0,59990,3,1597,228
235,1,1,2,0,3,1,6,0,2,1,2,1,0,0,1,65990,3,3850,378
236,3,1,2,1,3,1,6,0,2,1,0,0,3,1,0,71990,3,7,1
237,3,1,2,1,3,1,6,0,2,1,0,0,3,1,0,71890,3,3,0
238,5,1,2,1,0,1,6,0,2,1,0,2,3,0,0,64990,2,0,0
239,1,1,2,1,0,1,6,0,2,1,0,0,0,0,0,65990,2,0,0
240,4,1,2,1,3,1,6,0,2,1,0,2,3,0,0,55999,3,5,1
241,1,1,2,1,0,1,6,0,2,1,2,0,0,0,0,73490,3,213,45
242,4,1,2,1,0,1,6,0,2,1,0,2,0,0,1,74490,3,10,0
243,4,1,2,1,3,1,6,0,2,1,0,2,0,0,1,58340,3,69,6
244,7,1,2,1,3,1,6,0,2,1,0,2,0,0,0,55999,3,6,0
245,3,1,2,1,0,1,6,0,2,1,0,2,3,0,0,67990,3,93,9
246,1,1,2,1,0,1,6,0,2,1,0,0,0,0,0,59990,3,11,2
247,1,1,2,1,0,1,6,0,2,1,3,0,0,0,1,82990,3,262,31
248,3,1,2,1,3,1,6,0,2,1,1,0,0,0,1,64190,2,0,0
249,3,1,2,1,0,1,6,0,2,1,0,2,3,0,0,70090,3,5,1
250,1,1,2,0,3,1,6,0,2,1,1,2,0,0,0,49990,3,45,3
251,6,1,2,1,3,1,6,0,2,1,0,2,3,0,0,55490,2,8,1
252,4,1,2,1,3,5,6,0,2,1,0,0,3,1,0,97990,4,3,1
253,1,1,2,6,3,1,6,0,2,1,2,1,0,0,1,54990,3,1681,227
254,5,1,2,1,3,1,6,0,2,1,0,2,0,0,1,59990,3,37,2
255,5,1,2,1,3,1,6,0,2,1,0,2,0,0,1,53990,3,61,2
256,4,1,2,1,0,1,6,0,2,1,0,2,0,0,1,66999,3,17,1
257,7,1,2,1,3,5,6,0,2,1,0,2,0,0,1,60990,3,17,1
258,1,1,2,0,3,1,6,0,2,1,0,2,0,0,1,47990,3,1625,152
259,4,1,2,1,3,1,6,0,2,0,0,2,0,0,1,59999,3,4,1
260,3,1,2,0,0,1,6,0,2,1,2,0,0,0,0,79990,2,0,0
261,1,1,2,0,3,1,6,0,2,1,2,1,0,0,0,63990,2,0,0
262,4,1,2,1,3,1,6,0,2,1,0,2,0,0,1,63990,3,17,1
263,1,1,2,1,0,1,6,0,2,1,0,0,0,0,0,59990,2,0,0
264,5,1,2,1,3,1,6,0,2,1,0,2,0,0,0,55990,2,0,0
266,4,1,2,1,3,1,6,0,2,1,0,2,0,0,1,63990,3,3,0
267,3,1,2,1,0,1,6,0,2,1,1,0,0,0,1,69490,2,0,0
268,3,1,2,1,0,1,6,0,2,1,0,0,0,1,1,89390,2,0,0
269,1,1,2,1,3,5,6,0,2,1,0,2,3,0,0,74990,2,0,0
270,5,1,2,1,3,1,6,0,2,1,0,0,2,1,1,64990,3,48,12
271,5,1,2,0,3,1,6,0,2,1,2,0,0,0,1,66490,3,282,36
272,3,1,2,1,0,1,6,0,2,1,1,0,0,0,1,89702,2,0,0
273,5,1,2,1,0,1,6,0,2,1,1,0,0,0,1,70990,3,67,4
274,1,1,2,1,0,1,6,0,2,1,0,0,0,1,1,58990,2,0,0
275,5,1,2,0,3,1,6,0,2,1,1,0,0,0,1,57500,2,0,0
276,3,1,2,1,3,1,6,0,2,1,1,0,0,1,1,79990,3,23,2
277,6,1,2,0,3,1,6,0,2,1,0,0,3,0,0,56541,3,677,87
278,1,1,2,1,0,1,6,0,2,1,0,2,3,0,0,59990,2,3,0
279,5,1,2,1,0,1,6,0,2,1,0,0,0,0,1,64990,3,46,4
280,3,1,2,1,3,1,6,0,2,1,0,2,0,0,0,61290,2,4,1
281,5,1,2,1,3,1,6,0,2,1,0,2,0,0,1,54990,3,9,1
282,5,1,2,1,3,1,6,0,2,1,0,0,0,0,1,59990,3,26,4
283,1,1,2,1,3,1,6,0,2,0,3,0,0,0,0,84990,4,5,0
284,4,1,2,1,3,1,6,0,2,1,0,2,0,0,1,72500,3,40,3
285,5,1,2,1,3,1,6,0,2,1,2,1,3,0,0,59990,2,44,6
286,5,1,2,1,3,1,6,0,2,1,0,0,0,1,1,87990,3,28,6
287,4,1,2,1,3,1,6,0,2,1,0,2,3,0,0,57990,3,1541,123
288,3,1,2,1,3,1,6,0,2,1,0,2,0,0,1,69490,3,72,7
289,5,1,2,1,3,1,6,0,2,1,0,0,2,1,1,68990,3,44,8
290,5,1,2,1,3,1,6,0,2,0,0,0,0,0,1,77990,3,17,2
291,1,1,2,1,3,5,6,0,2,1,0,0,0,1,0,105990,3,59,11
292,6,1,2,1,3,5,6,0,2,1,0,0,0,0,0,79990,2,0,0
293,3,1,2,1,3,1,6,0,2,1,0,2,0,0,1,55490,3,337,27
294,5,1,2,1,3,1,6,0,2,1,0,2,0,0,1,69990,3,10,2
295,1,1,2,1,3,1,6,0,2,1,0,0,0,1,1,84990,3,10,2
296,3,1,2,1,3,1,6,0,2,1,0,2,3,0,0,59990,2,31,7
297,3,1,2,0,3,5,6,0,2,1,0,2,0,0,1,111890,2,0,0
298,3,1,2,1,3,1,6,0,2,1,1,0,0,0,0,65990,3,10,0
299,1,1,2,1,3,5,6,0,2,0,0,0,0,0,1,72990,3,76,14
300,3,1,2,1,3,1,6,0,2,1,0,2,0,0,1,71090,3,44,6
301,6,1,2,1,3,1,6,0,2,1,2,0,1,0,0,74990,2,0,0
302,1,1,2,0,3,3,6,0,2,1,0,0,0,0,1,79990,3,11,3
303,6,1,2,1,3,1,6,0,2,1,0,0,0,0,0,55490,3,138,16
304,3,1,2,1,3,1,6,0,2,1,1,2,0,0,1,66490,3,199,17
305,1,1,2,1,3,1,6,0,2,1,0,0,0,0,1,53400,3,46,6
306,3,1,2,1,3,1,6,0,2,1,0,0,0,1,1,74500,3,45,5
307,3,1,2,1,3,5,6,0,2,1,0,2,0,0,1,114990,2,0,0
308,3,1,2,1,3,1,6,0,2,1,1,2,3,0,0,61990,3,35,4
309,0,1,2,0,3,5,6,0,1,1,0,0,0,0,0,159990,3,32,5
310,0,1,2,5,3,0,6,0,1,1,0,0,0,0,0,172090,3,108,13
311,6,1,2,1,3,1,6,0,2,1,2,0,3,0,0,74990,2,0,0
312,6,1,2,0,3,1,6,0,2,1,0,0,0,0,0,56490,3,814,112
313,5,1,2,0,3,1,6,0,2,1,0,2,2,0,0,147000,2,0,0
314,5,1,2,1,3,1,6,0,2,1,0,2,0,0,1,55990,3,75,9
315,4,1,2,1,3,1,6,0,2,1,2,1,0,0,1,77990,2,0,0
316,4,1,2,0,3,1,6,0,2,1,2,0,0,0,1,106490,3,3,0
317,5,1,2,1,3,1,6,0,2,0,1,0,0,0,1,70990,3,11,3
318,5,1,2,1,3,1,6,0,2,1,0,0,0,0,1,64990,3,125,11
319,7,1,2,1,3,1,6,0,2,1,0,0,0,0,0,57990,2,0,0
320,1,1,2,0,3,1,6,0,2,1,2,1,0,0,0,64990,3,4,0
321,6,1,2,0,3,1,6,0,2,1,0,0,0,0,0,54990,3,714,147
322,4,1,2,1,3,5,6,0,2,1,0,0,3,1,0,111999,2,0,0
323,5,1,2,0,3,5,6,0,2,1,1,0,0,0,1,70798,3,21,3
324,5,1,2,6,3,1,6,0,2,1,2,0,3,0,0,59990,2,9,1
325,7,1,2,5,3,1,6,0,2,1,2,0,0,0,0,99500,2,0,0
326,4,1,2,0,3,1,6,0,2,1,0,2,0,0,1,55990,3,30,4
327,1,1,2,5,3,3,6,0,2,1,0,2,0,0,0,72990,3,44,4
328,7,1,2,5,3,0,6,0,2,1,0,2,0,0,0,64990,2,4,1
329,1,1,2,1,3,1,6,0,2,1,0,2,3,0,0,57990,2,0,0
330,4,1,2,1,3,1,6,0,2,1,1,0,0,1,1,76990,3,14,2
331,5,1,2,1,3,1,6,0,2,1,0,0,1,0,1,62998,3,739,71
332,3,1,2,1,3,1,6,0,2,1,0,0,0,1,1,77990,3,31,5
333,4,1,2,0,3,1,6,0,2,1,0,0,0,1,1,114990,3,145,19
334,3,1,2,0,3,1,6,0,2,1,1,0,0,0,1,65990,2,0,0
335,3,1,2,1,3,1,6,0,2,1,1,0,0,0,1,88990,2,19,2
336,5,1,2,0,3,1,6,0,2,1,0,0,3,0,0,113590,2,0,0
337,1,1,2,1,3,5,6,0,2,1,0,0,0,1,1,73990,3,32,6
338,4,1,2,1,3,1,6,0,2,1,0,2,0,0,1,61000,3,1124,100
339,1,1,2,1,3,5,6,0,2,1,0,0,0,1,0,99990,3,35,6
340,5,1,2,1,3,1,6,0,2,1,0,2,0,0,1,67990,3,9,0
341,3,1,2,1,3,1,6,0,2,1,0,0,0,1,1,70799,3,98,6
342,5,1,2,1,3,1,6,0,2,1,0,2,0,0,1,65990,3,31,2
343,1,1,2,5,3,1,6,0,2,1,0,2,0,0,0,53690,3,19,3
344,6,1,2,1,3,1,6,0,2,1,0,2,0,0,0,55990,2,0,0
345,1,1,2,1,3,1,6,0,2,1,0,0,0,0,1,53190,3,11,0
346,5,1,2,0,3,1,6,0,2,0,1,0,1,0,1,58999,3,45,3
347,3,1,2,1,3,1,6,0,2,1,1,2,2,0,0,71990,2,0,0
348,4,1,2,1,3,1,6,0,2,0,2,0,3,0,0,82000,2,0,0
349,1,1,2,1,3,5,6,0,2,1,0,2,3,0,0,84990,2,0,0
350,5,1,2,1,3,1,6,0,2,1,1,0,3,0,0,89998,2,0,0
351,1,1,2,1,3,5,6,0,2,1,0,0,0,1,0,99990,2,0,0
353,5,1,2,0,3,1,6,0,2,1,2,1,3,0,0,69899,3,474,37
354,3,1,2,0,3,1,6,0,2,1,2,0,0,0,0,79990,2,0,0
355,3,1,2,0,3,1,6,0,2,1,2,0,0,0,0,76300,3,6,0
356,5,1,2,0,3,1,6,0,2,1,0,0,0,0,1,55999,2,0,0
357,3,1,2,1,3,1,6,0,2,1,0,2,3,0,0,72900,2,24,4
358,3,1,2,1,3,1,6,0,2,1,0,0,0,1,1,73990,3,195,17
359,1,1,2,1,3,4,6,0,2,1,0,2,3,0,0,84990,2,0,0
360,3,1,2,1,3,1,6,0,2,0,1,0,3,0,0,73519,2,0,0
361,4,1,2,0,3,1,6,0,2,1,0,0,0,1,0,126000,4,2,1
362,1,1,2,1,3,1,6,0,2,1,3,0,0,0,0,88990,2,0,0
363,4,1,2,1,3,1,6,0,2,1,0,2,0,1,1,114999,2,0,0
364,3,1,2,1,3,1,6,0,2,1,1,0,0,1,1,82990,3,21,2
365,7,1,2,1,3,1,6,0,2,1,0,2,3,1,0,109999,2,0,0
366,5,1,2,1,3,1,6,0,2,1,0,2,0,1,1,82990,2,0,0
367,3,1,2,1,3,1,6,0,2,1,1,0,0,1,1,79990,3,5,0
368,1,1,2,1,3,5,6,0,2,1,0,0,0,1,0,114990,2,0,0
369,4,1,2,1,3,5,6,0,2,1,0,0,0,1,0,129999,2,0,0
370,6,1,2,5,3,2,6,0,2,0,3,0,3,0,0,149990,3,10,3
371,3,1,2,1,3,1,6,0,2,1,1,0,3,0,0,71290,2,0,0
372,3,1,2,0,3,1,6,0,2,1,0,2,0,0,1,79500,3,10,1
373,3,1,2,0,3,1,6,0,2,1,1,0,0,0,1,82990,2,15,3
374,3,1,2,1,3,1,6,0,2,1,1,0,0,0,1,70980,3,138,23
376,4,1,2,1,3,1,6,0,2,0,0,0,3,0,0,94000,2,0,0
377,3,1,2,1,3,1,6,0,2,1,1,0,3,1,0,82990,3,16,3
378,6,1,2,1,3,5,6,0,2,1,0,0,0,0,0,79990,3,11,4
379,1,1,2,5,3,1,6,0,2,1,0,2,3,0,0,85990,2,0,0
380,1,1,2,0,3,1,6,0,2,1,1,0,3,0,0,86990,2,0,0
381,1,1,2,0,3,3,6,0,2,1,1,0,0,0,1,105990,4,4,0
382,1,1,2,0,3,3,6,0,2,1,0,0,3,0,0,84990,2,0,0
383,5,1,2,5,3,1,6,0,2,1,1,0,0,0,1,59999,3,22,3
384,5,1,2,1,3,1,6,0,2,1,0,0,0,0,1,91999,3,16,2
385,3,1,2,1,3,1,6,0,2,1,0,0,0,1,1,78900,2,16,1
386,1,1,2,0,3,3,6,0,2,1,0,0,3,0,0,132790,2,0,0
387,5,1,2,1,3,1,6,0,2,1,2,1,3,0,0,60990,2,14,6
388,2,1,2,4,3,1,6,0,2,1,0,2,3,0,0,65556,2,0,0
389,3,1,2,1,0,1,6,0,2,1,0,2,3,0,0,70190,2,6,3
390,3,1,2,1,3,1,6,0,2,1,1,0,0,1,0,79590,2,0,0
392,1,1,2,1,3,1,6,0,2,1,2,0,0,0,0,76990,2,0,0
394,2,1,2,5,3,1,6,0,2,1,0,2,3,0,0,44990,2,17,3
395,1,1,2,1,3,1,6,0,2,1,0,0,0,1,1,84990,2,17,2
396,5,1,2,0,3,1,6,0,2,1,1,0,0,1,1,86999,3,3,0
397,4,1,2,1,0,1,6,0,2,1,1,0,0,0,0,78000,3,512,85
398,2,1,2,5,3,1,6,0,2,1,0,2,3,0,0,73063,2,17,3
400,4,1,2,1,0,1,6,0,2,1,2,0,0,0,1,100990,2,0,0
401,5,1,2,5,3,1,6,0,2,1,0,2,0,0,1,74990,2,3,1
402,1,1,2,0,3,1,6,0,2,1,2,0,3,0,0,75990,3,1365,137
403,5,1,2,1,3,1,6,0,2,0,1,0,0,0,1,84086,2,8,3
404,1,1,2,1,3,1,1,0,2,1,2,1,3,0,0,75990,3,368,48
405,1,1,2,1,3,1,1,0,2,1,2,1,0,0,1,77990,3,202,26
406,1,1,2,0,3,1,1,0,2,1,2,0,0,0,0,77990,3,187,26
407,0,1,2,0,0,5,1,0,1,1,0,0,0,0,0,179990,3,31,3
408,0,1,2,0,0,5,1,0,1,1,0,0,0,0,0,179990,3,91,5
409,1,1,2,0,3,1,1,0,2,1,2,0,3,0,0,82990,3,844,118
410,1,1,2,1,3,1,1,0,2,1,2,0,0,0,0,87990,2,0,0
411,1,1,2,1,3,1,1,0,2,1,2,0,3,0,0,84500,3,3,0
412,3,1,2,1,3,5,1,0,2,1,0,2,3,0,0,74190,3,21,3
413,5,1,2,1,3,1,1,0,2,1,0,2,0,0,1,64990,2,4,0
414,5,1,2,0,3,1,6,3,2,1,0,2,2,1,0,155411,2,0,0
415,5,1,2,0,3,1,6,3,2,1,0,2,2,1,0,125394,2,0,0
416,7,1,2,1,3,1,0,1,2,1,0,0,3,0,0,49990,2,0,0
417,7,1,2,1,3,1,0,1,2,1,0,2,0,0,0,46990,2,253,28
418,3,1,2,1,3,1,0,1,2,1,0,2,0,0,1,48990,2,470,46
419,7,1,2,5,3,1,0,1,2,1,1,0,0,0,1,59999,3,118,28
420,1,1,2,0,3,1,0,1,2,1,0,2,0,0,0,46990,3,1444,179
421,6,1,2,0,3,1,0,1,2,1,2,0,1,0,0,52990,3,1114,137
422,5,1,2,4,3,1,0,1,2,0,1,0,3,0,0,57999,2,0,0
423,5,1,2,3,3,0,0,1,2,1,0,0,3,0,0,52490,2,78,17
424,5,1,2,5,3,1,0,1,2,1,2,0,0,0,0,56990,3,21,5
425,7,1,2,5,3,1,0,1,2,1,1,2,0,0,0,61990,3,73,21
426,3,1,2,1,3,1,0,1,2,0,0,0,3,0,0,58090,2,0,0
427,1,1,2,0,3,1,0,1,2,1,0,0,3,0,0,56990,2,0,0
428,7,1,2,5,3,1,0,1,2,1,0,2,0,0,0,61597,2,0,0
429,1,1,2,5,3,1,0,1,2,1,0,2,3,0,0,81990,2,0,0
430,1,1,2,0,3,1,0,1,2,1,0,0,3,0,0,61249,2,0,0
431,3,1,2,1,3,1,0,1,2,0,0,0,3,0,0,58990,2,0,0
432,1,1,2,0,3,1,0,1,2,1,1,0,3,0,0,83990,2,0,0
433,6,1,2,0,3,4,0,3,0,0,3,0,3,0,0,291190,3,7,3
434,6,1,2,0,3,4,0,3,0,0,3,0,3,0,0,145990,3,715,106
435,6,1,2,0,3,4,0,3,0,0,4,0,3,0,0,179990,3,24,5
436,4,1,2,5,3,1,0,1,2,1,1,0,0,0,1,64990,3,23,4
437,4,1,2,5,3,1,0,1,2,1,0,0,0,0,0,46790,3,3062,325
438,4,1,2,4,2,1,0,1,2,1,0,0,0,0,0,44599,3,122,12
439,7,1,2,5,3,1,0,1,2,1,1,0,0,0,0,72964,3,18,6
440,4,1,2,0,3,1,0,1,2,0,0,0,0,0,1,48790,2,11,1
441,7,1,2,0,3,1,0,1,2,1,1,0,0,0,0,56491,2,30,6
442,1,1,2,1,3,1,4,1,2,0,0,0,0,0,1,50990,3,1188,127
443,1,1,2,0,3,1,4,1,2,1,2,1,3,0,0,55990,3,23,0
444,7,1,2,1,3,1,4,1,2,1,0,0,0,0,0,57990,3,32,1
445,1,1,2,1,3,1,4,1,2,1,0,0,0,0,0,52990,2,0,0
446,3,1,2,1,3,1,4,1,2,1,0,0,0,0,0,57990,3,47,0
447,7,1,2,1,3,1,4,1,2,1,0,2,0,0,0,56990,3,27,2
448,7,1,2,1,3,1,4,1,2,1,0,0,3,0,0,55490,2,8,3
449,3,1,2,1,3,1,4,1,2,1,1,0,0,0,0,62490,2,157,20
450,1,1,2,1,0,1,4,1,2,1,0,0,0,0,0,64990,3,10,1
451,5,1,2,1,3,1,4,1,2,1,1,0,0,0,1,59990,3,52,4
452,1,1,2,1,3,1,4,1,2,1,1,0,0,0,1,60190,3,33,4
453,1,1,2,6,3,1,4,1,2,1,2,1,3,0,0,54490,3,343,47
454,5,1,2,6,3,1,4,1,2,1,2,0,0,0,1,60990,3,131,17
455,3,1,2,1,2,1,4,1,2,1,0,2,0,0,1,55790,3,41,4
456,1,1,2,1,0,1,4,1,2,1,0,0,0,0,1,64990,3,328,51
457,1,1,2,1,0,1,4,1,2,1,0,2,3,0,0,58990,3,6,1
458,3,1,2,1,3,1,4,1,2,1,0,2,0,0,1,54990,2,353,28
459,4,1,2,1,3,1,4,1,2,1,2,1,0,0,1,71990,3,127,20
460,3,1,2,1,3,1,4,1,2,1,1,0,0,0,0,69900,2,0,0
461,5,1,2,1,3,1,4,1,2,1,1,0,0,0,1,65990,3,241,19
462,1,1,2,1,3,1,4,1,2,1,0,0,0,0,0,49990,2,22,2
463,3,1,2,1,3,1,4,1,2,1,0,2,0,0,1,58990,3,8,1
464,5,1,2,0,3,1,4,1,2,1,2,1,3,0,0,74590,3,898,128
465,1,1,2,0,3,1,4,1,2,0,1,0,3,0,0,58990,4,1,1
466,1,1,2,1,3,1,4,1,2,1,0,0,0,0,0,64990,2,0,0
467,3,1,2,1,3,1,4,1,2,1,1,0,3,0,0,66490,2,6,1
468,3,1,2,0,3,1,4,1,2,1,2,0,3,0,0,77900,3,179,34
469,3,1,2,1,3,1,4,1,2,1,1,0,3,0,0,67490,2,41,5
470,3,1,2,1,3,1,4,1,2,1,0,2,0,0,1,61990,2,0,0
471,3,1,2,1,3,1,4,1,2,1,0,0,0,0,1,58990,3,114,9
472,5,1,2,0,3,1,4,1,2,1,2,1,3,0,0,74999,3,268,25
473,1,1,2,1,3,1,4,1,2,1,0,0,0,0,1,68900,4,6,1
474,3,1,2,1,3,1,4,1,2,1,1,0,3,0,0,71695,3,153,16
475,7,1,2,1,0,1,4,1,2,1,0,0,3,0,0,62490,2,8,0
476,3,1,2,5,3,1,0,2,2,1,1,0,0,0,1,62317,3,377,53
477,6,1,2,0,3,4,0,3,0,0,4,0,3,0,0,207290,2,0,0
478,3,1,3,5,0,1,4,0,2,1,2,0,0,0,1,87990,3,120,21
479,2,1,3,5,3,1,4,0,2,1,0,2,3,0,0,73990,2,0,0
485,1,1,3,0,0,1,6,0,2,1,0,0,0,0,0,57990,3,76,9
486,1,1,3,0,3,1,6,0,2,1,2,1,3,0,0,61990,3,11,2
487,6,1,3,0,0,1,6,0,2,1,2,0,1,0,0,79990,3,484,56
488,5,1,3,0,3,1,6,0,2,1,2,1,0,0,1,68990,3,44,2
489,5,1,3,1,0,1,6,0,2,1,0,0,0,1,1,85990,3,77,10
490,5,1,3,1,0,1,6,0,2,1,2,0,0,0,1,99990,3,11,3
491,1,1,3,1,3,1,6,0,2,1,0,0,0,0,1,77990,3,21,5
492,5,1,3,1,3,1,6,0,2,1,2,1,3,0,0,79990,3,5,2
493,4,1,3,1,0,1,6,0,2,1,2,0,0,0,1,93190,4,4,0
494,1,1,3,1,0,5,6,0,2,1,0,0,0,0,1,94990,2,0,0
495,5,1,3,1,0,1,6,0,2,1,0,0,2,1,1,84990,3,13,2
496,6,1,3,0,3,1,6,0,2,1,0,2,3,0,0,57990,3,15,0
497,4,1,3,1,0,1,6,0,2,1,0,0,0,1,1,102990,3,11,2
498,3,1,3,1,0,1,6,0,2,1,2,0,0,0,0,99990,2,0,0
499,1,1,3,1,0,1,6,0,2,1,2,1,3,0,0,94990,3,118,15
500,4,1,3,1,0,1,6,0,2,1,0,0,0,1,1,104000,2,0,0
501,6,1,3,1,0,1,6,0,2,1,1,0,3,0,0,76990,2,0,0
502,4,1,3,1,0,1,6,0,2,1,2,1,0,0,1,90190,3,6,1
503,5,1,3,1,0,1,6,0,2,0,0,0,3,1,0,88488,2,0,0
504,6,1,3,0,0,1,6,0,2,1,2,0,0,0,0,109990,3,138,30
505,6,1,3,1,0,1,6,0,2,1,2,0,3,0,0,86990,2,0,0
506,6,1,3,1,0,5,6,0,2,1,0,0,0,0,0,89990,2,0,0
507,4,1,3,0,0,3,6,0,2,1,0,0,0,1,1,239759,2,0,0
508,1,1,3,1,0,1,6,0,2,1,1,0,0,0,1,78990,3,35,4
509,3,1,3,5,0,0,6,0,2,1,0,2,0,0,1,121890,0,3,0
510,1,1,3,5,0,3,6,0,2,1,0,2,0,0,0,85990,3,18,0
511,6,1,3,1,0,1,6,0,2,1,2,0,1,0,0,94990,2,0,0
512,4,1,3,1,0,1,6,0,2,1,2,1,0,0,1,92000,3,8,1
513,4,1,3,0,0,1,6,0,2,1,0,0,0,1,0,162990,2,3,1
514,3,1,3,1,0,5,6,0,2,1,0,2,0,0,1,135300,4,5,2
515,6,1,3,1,0,1,6,0,2,1,0,0,3,0,0,64990,3,33,5
516,5,1,3,0,0,1,6,0,2,1,0,2,2,0,0,174527,2,0,0
517,5,1,3,0,0,1,6,0,2,1,0,2,3,0,0,162299,2,0,0
518,3,1,3,0,0,1,6,0,2,1,0,0,0,1,1,109190,2,0,0
519,4,1,3,1,0,1,6,0,2,1,0,0,0,1,1,99999,2,0,0
520,6,1,3,0,0,1,6,0,2,1,1,0,0,0,0,104990,3,85,9
521,1,1,3,1,0,5,6,0,2,1,0,2,3,1,0,109990,2,0,0
522,1,1,3,5,0,0,6,0,2,1,0,2,0,0,0,99990,3,30,7
523,5,1,3,5,0,1,6,0,2,1,1,2,3,0,0,244801,2,0,0
524,1,1,3,1,0,5,6,0,2,1,0,2,3,0,0,94990,2,0,0
525,5,1,3,5,0,1,6,0,2,1,0,2,0,0,1,86000,2,0,0
526,5,1,3,0,0,1,6,0,2,0,1,0,3,0,0,162399,2,0,0
527,4,1,3,1,0,1,6,0,2,0,0,0,3,0,0,119599,2,0,0
528,5,1,3,0,0,3,6,0,2,1,0,2,3,0,0,211753,2,0,0
529,5,1,3,1,0,1,6,0,2,0,0,0,3,0,0,110999,2,0,0
531,1,1,3,5,3,3,6,0,2,1,0,2,0,0,0,81990,3,40,4
532,6,1,3,6,3,1,6,0,2,1,2,0,1,0,0,66990,3,1639,230
533,6,1,3,0,0,1,1,0,2,1,3,0,1,0,0,84990,3,498,64
534,1,1,3,1,0,5,1,0,2,1,1,0,0,1,1,104990,2,0,0
535,1,1,3,1,0,5,1,0,2,1,0,0,0,1,0,134990,2,0,0
536,1,1,3,1,0,1,1,0,2,1,2,1,3,0,0,98990,3,445,56
537,4,1,3,0,0,1,1,0,2,1,3,0,0,0,1,144690,3,17,4
538,1,1,3,1,0,5,1,0,2,1,0,2,3,0,0,99990,2,0,0
539,6,1,3,1,0,1,1,0,2,1,3,0,1,0,0,119990,3,20,3
540,1,1,3,1,0,1,1,0,2,0,2,0,0,0,0,194990,2,0,0
541,1,1,3,0,0,3,1,0,2,1,1,0,0,0,1,124990,3,17,1
542,3,1,3,1,0,1,1,0,2,1,1,0,3,0,0,122410,2,0,0
543,4,1,3,0,0,1,1,0,2,1,0,0,0,1,0,179990,3,13,5
544,6,1,3,1,0,1,1,0,2,1,2,0,1,1,0,154990,3,3,2
545,5,1,3,1,0,5,1,0,2,1,0,0,0,0,1,122990,2,4,2
546,1,1,3,0,0,1,1,0,2,1,3,0,0,1,0,224990,3,9,0
547,6,1,3,2,0,2,1,0,2,1,4,0,3,0,0,279990,2,0,0
548,4,1,3,1,0,1,1,0,2,1,2,0,3,0,0,121990,2,0,0
549,4,1,3,1,0,1,1,0,2,1,2,0,3,0,0,116990,2,0,0
550,5,1,3,1,0,1,1,0,2,1,3,0,3,0,0,151098,3,7,0
551,6,1,3,1,0,1,1,0,2,1,4,0,1,0,0,129990,3,14,3
552,4,1,3,1,0,5,1,0,2,1,0,0,0,1,0,149999,2,0,0
553,6,1,3,2,0,1,1,0,2,1,3,0,3,0,0,139990,3,4,2
554,7,1,3,1,0,1,1,0,2,1,3,0,0,0,0,129990,3,54,7
555,4,1,3,1,0,1,1,0,2,1,4,0,0,0,1,171990,2,0,0
556,3,1,3,1,0,1,1,0,2,1,1,0,0,0,1,93955,3,4,0
557,1,1,3,0,0,1,1,0,2,1,4,0,3,0,0,234990,2,0,0
558,4,1,3,1,0,5,1,0,2,1,0,0,0,1,1,128500,2,3,1
559,5,1,3,1,0,1,1,0,2,1,0,0,0,1,1,102990,3,16,2
560,1,1,3,1,0,5,1,0,2,1,0,0,0,1,0,119990,3,8,1
561,1,1,3,1,0,1,1,0,2,0,3,0,3,0,0,120980,2,0,0
562,1,1,3,1,0,1,1,0,2,0,3,0,0,0,0,157249,3,7,0
563,5,1,3,6,0,1,1,0,2,1,2,2,3,0,0,229900,2,0,0
564,1,1,3,1,0,1,1,0,2,1,3,0,0,0,0,131500,2,0,0
565,1,1,3,0,0,3,1,0,2,1,0,0,3,0,0,154990,4,3,0
566,1,1,3,0,0,3,1,0,2,1,0,0,3,0,0,165990,2,0,0
567,5,1,3,0,0,5,1,0,2,1,0,2,3,0,0,119990,1,2,1
568,1,1,3,0,0,3,1,0,2,1,0,0,3,0,0,167990,2,0,0
569,4,1,3,1,0,5,1,0,2,1,0,0,0,1,0,165000,2,0,0
570,2,1,3,0,0,1,1,0,2,1,0,2,3,0,0,62990,2,207,49
571,5,1,3,1,0,4,1,0,2,1,0,0,0,0,1,85990,2,7,2
572,4,1,3,1,0,1,1,0,2,1,1,0,0,0,1,94990,2,0,0
573,4,1,3,1,0,1,1,0,2,1,3,0,0,0,1,136990,2,0,0
574,5,1,3,0,0,1,1,0,2,1,4,0,0,0,1,234990,2,0,0
575,7,1,3,0,0,1,3,0,2,1,4,0,0,0,0,159990,2,4,0
576,1,1,3,0,0,3,3,0,2,1,0,0,3,0,0,233990,2,0,0
577,1,1,3,0,0,1,0,1,2,1,1,0,3,0,0,93990,2,0,0
578,4,1,3,5,0,1,2,1,2,1,2,0,0,0,0,116941,2,0,0
579,6,1,3,0,3,1,4,1,2,1,2,0,1,0,0,63990,3,794,83
580,1,1,3,0,0,1,4,1,2,1,2,1,3,0,0,66990,3,25,4
581,1,1,3,1,0,1,4,1,2,0,0,2,3,0,0,82500,2,0,0
582,7,1,3,0,0,1,4,1,2,1,3,0,0,0,0,119990,3,2038,313
583,6,1,3,0,0,1,4,1,2,1,2,0,2,0,0,159990,2,0,0
584,1,1,3,5,0,1,4,1,2,1,0,2,3,0,0,98912,2,0,0
585,7,1,3,1,0,1,6,1,2,1,2,0,0,0,0,92990,3,214,37
586,7,1,3,1,0,1,6,1,2,0,3,0,0,0,0,119990,3,342,54
587,7,1,4,1,1,1,1,0,2,1,4,0,0,0,0,169990,2,0,0
588,7,1,4,1,0,1,1,0,2,1,3,0,0,0,0,139990,2,0,0
589,6,1,4,1,0,1,1,0,2,1,3,0,3,0,0,192990,2,0,0
590,1,1,4,2,0,2,1,0,2,1,3,0,3,0,0,299990,2,0,0
591,1,1,4,0,0,1,1,0,2,1,3,0,0,1,0,269990,3,8,1
592,1,1,4,1,0,1,1,0,2,1,3,1,0,0,0,139990,2,0,0
593,5,1,4,0,0,1,1,0,2,0,4,0,3,0,0,265998,2,0,0
594,1,1,4,1,0,1,5,0,2,0,3,0,0,0,0,441990,4,1,1
595,6,1,2,0,3,4,0,3,0,0,2,0,3,0,0,86990,3,218,27
596,6,1,2,0,3,4,0,3,0,0,3,0,3,0,0,109990,3,78,16
597,6,1,2,0,3,4,0,3,0,0,2,0,3,0,0,109590,3,5,2
598,1,1,3,0,0,5,0,3,0,0,3,0,3,0,0,146490,2,2,1
599,0,2,5,0,3,1,4,0,1,1,0,0,0,0,0,85990,3,6725,629
600,0,2,5,0,3,1,4,0,1,1,0,0,0,0,0,112990,3,640,70
601,0,2,5,0,0,1,4,0,1,1,0,0,0,0,0,104990,3,45,4
603,0,2,5,0,0,1,4,0,1,1,0,0,0,0,0,132990,3,640,70
606,0,2,5,0,0,1,6,0,1,1,0,0,0,0,0,149990,3,640,70
607,0,2,5,0,3,1,6,0,1,1,0,0,0,0,0,125990,3,399,45
608,0,2,5,0,3,1,6,0,1,1,0,0,0,0,0,103990,3,809,91
609,0,2,5,0,3,1,6,0,1,1,0,0,0,0,0,101990,3,809,91
610,0,2,5,0,3,1,6,0,1,1,0,0,0,0,0,104990,3,6725,629
611,0,2,5,0,3,1,6,0,1,1,0,0,0,0,0,131990,3,399,45
612,0,2,5,0,0,1,6,0,1,1,0,0,0,0,0,128990,3,45,4
613,0,2,5,0,0,1,6,0,1,1,0,0,0,0,0,184990,3,42,8
614,0,2,5,0,0,1,6,0,1,1,0,0,0,0,0,225990,3,42,8
615,0,2,5,0,2,1,6,0,1,1,0,0,0,0,0,124990,3,45,4
617,0,2,5,0,3,1,1,0,1,1,0,0,0,0,0,149990,3,640,70
618,0,2,5,0,0,1,1,0,1,1,0,0,0,0,0,169990,3,640,70
619,0,2,5,0,0,1,1,0,1,1,0,0,0,0,0,225990,3,42,8
620,0,2,5,0,0,1,1,0,1,1,0,0,0,0,0,243990,3,42,8
621,0,2,5,0,1,1,1,0,1,1,0,0,0,0,0,309990,4,3,1
623,1,1,6,7,2,5,0,3,2,1,0,0,3,0,0,45990,2,0,0
624,1,1,6,7,2,1,2,0,2,0,0,0,3,1,0,58100,2,0,0
625,1,1,6,7,3,5,4,0,2,1,0,0,0,1,0,62990,2,0,0
626,4,1,6,7,3,1,4,0,2,1,0,2,0,0,1,32990,3,77,9
627,1,1,6,7,2,1,4,0,2,1,0,2,0,0,1,33990,3,6,0
628,7,1,6,7,2,1,4,0,2,1,0,0,0,0,0,30990,3,465,89
629,3,1,6,7,2,1,4,0,2,1,0,2,0,0,0,36000,3,102,16
630,1,1,6,7,2,1,4,0,2,1,0,2,0,0,1,32990,3,7,1
631,3,1,6,7,2,1,4,0,2,1,0,0,0,0,0,35990,2,0,0
632,1,1,6,7,2,4,0,1,2,1,0,0,3,0,0,27990,2,0,0
633,1,1,6,7,2,1,0,1,2,1,0,0,0,0,0,25990,2,4741,658
634,1,1,6,7,2,1,0,1,2,1,0,0,0,0,0,25990,2,2736,350
635,1,1,6,7,2,1,0,1,2,1,0,0,3,0,0,30780,2,0,0
636,4,0,7,7,3,1,4,0,2,1,0,2,0,0,0,37990,3,2214,241
637,1,0,7,7,3,1,4,0,2,1,0,2,0,0,0,35990,3,2886,375
638,3,0,7,7,3,1,4,0,2,1,0,2,3,0,0,39490,3,34,4
639,3,0,7,7,3,1,4,0,2,1,0,2,3,0,0,36990,3,137,15
640,3,0,7,7,3,1,4,0,2,1,0,2,0,0,0,39990,3,7,0
641,1,0,7,7,2,1,4,0,2,1,0,2,0,0,0,33690,3,170,26
642,3,0,7,7,3,1,4,0,2,1,0,2,3,0,0,40590,2,0,0
643,1,0,7,7,2,1,4,0,2,1,0,0,0,0,0,37990,3,39,3
644,1,0,7,7,2,1,4,0,2,1,0,2,0,0,1,34500,3,2886,375
645,7,0,7,7,3,1,6,0,2,1,0,0,0,0,0,36990,3,11,2
646,4,0,7,7,3,1,6,0,2,1,0,2,3,0,0,43490,3,163,33
647,4,0,7,7,3,1,6,0,2,1,0,2,0,0,1,41490,3,153,21
648,7,0,7,7,2,1,6,0,2,1,0,0,3,0,0,34990,2,0,0
649,4,0,7,7,2,1,6,0,2,1,0,2,0,0,1,44490,3,267,42
650,3,0,7,7,2,1,6,0,2,1,0,2,3,0,0,40590,2,0,0
651,3,0,7,7,3,1,6,0,2,1,0,2,3,0,0,42090,2,3,0
652,3,0,7,7,3,1,0,1,2,1,0,2,0,0,1,35990,3,59,12
653,4,0,7,7,3,1,0,1,2,1,0,2,0,0,1,39490,3,7291,895
654,3,0,7,7,3,1,0,1,2,1,0,2,3,0,0,37390,3,38,5
655,3,0,7,7,2,1,0,1,2,1,0,2,0,0,1,52632,2,0,0
656,3,0,7,7,2,1,0,1,2,1,0,0,0,0,1,39990,3,409,39
657,3,0,7,7,2,1,0,1,2,1,0,0,0,0,0,43990,2,0,0
658,4,0,7,7,2,1,0,1,2,1,0,0,0,0,0,32917,3,353,58
659,5,0,7,7,2,1,0,1,2,1,0,0,3,0,0,34990,2,38,6
660,3,0,7,7,3,1,0,1,2,1,0,2,3,0,0,39990,2,18,4
661,4,0,7,7,3,1,4,1,2,1,0,0,0,0,1,41999,3,3524,432
662,3,0,8,7,3,1,4,0,2,1,0,0,0,0,1,41990,3,939,107
663,3,0,8,7,3,1,4,0,2,1,0,2,0,0,0,44490,3,14,1
664,3,0,8,7,3,1,4,0,2,1,0,0,0,0,1,41990,3,649,84
665,3,0,8,7,3,1,4,0,2,1,0,2,0,0,1,44490,3,8,2
666,6,0,8,7,2,1,4,0,2,1,0,0,0,0,0,49990,2,0,0
667,3,0,8,7,2,1,4,0,2,1,0,2,0,0,0,44390,3,276,24
668,4,0,8,7,3,1,6,0,2,1,2,0,0,0,0,57990,3,4740,532
669,5,0,8,7,3,1,6,0,2,1,2,1,0,0,1,56990,3,162,15
670,5,0,8,7,3,1,6,0,2,1,0,2,0,0,0,48990,3,219,27
671,4,0,8,7,3,1,6,0,2,1,0,2,0,0,1,49970,3,193,28
672,6,0,8,7,3,1,6,0,2,1,0,0,3,0,0,47990,3,562,89
673,4,0,8,7,3,1,6,0,2,1,0,2,0,0,1,48990,3,45,5
674,7,0,8,7,3,5,6,0,2,1,0,2,0,0,0,53990,3,7,0
675,5,0,8,7,3,1,6,0,2,1,0,0,0,0,1,52990,3,39,5
676,7,0,8,7,3,1,6,0,2,1,0,0,0,0,0,43990,2,0,0
677,5,0,8,7,3,1,6,0,2,1,2,1,3,0,0,59490,3,92,10
678,6,0,8,7,3,1,6,0,2,1,2,0,3,0,0,64990,3,469,80
679,3,0,8,7,3,1,6,0,2,1,0,2,3,0,0,47490,1,2,1
680,4,0,8,7,3,1,6,0,2,1,2,0,0,0,0,59990,3,1978,188
681,5,0,8,7,3,1,6,0,2,1,2,0,3,0,0,69990,3,9,0
682,4,0,8,7,3,1,6,0,2,1,2,0,0,0,0,58990,3,1049,134
683,3,0,8,7,3,1,6,0,2,1,0,2,0,0,0,59490,3,74,18
684,4,0,8,7,0,1,6,0,2,1,0,2,0,0,1,67500,3,196,19
685,4,0,8,7,3,1,6,0,2,0,0,0,3,0,0,48990,3,17,1
686,1,0,8,7,3,1,6,0,2,1,0,0,0,1,1,62450,3,172,36
687,1,0,8,7,3,1,6,0,2,1,0,0,0,0,0,58990,3,324,34
688,4,0,8,7,3,1,6,0,2,1,0,2,0,0,1,57999,3,86,15
689,1,0,8,7,0,1,6,0,2,1,0,0,3,0,0,56990,3,4,1
690,4,0,8,7,3,1,6,0,2,1,2,0,0,0,1,72990,3,16,4
691,4,0,8,7,0,1,6,0,2,1,0,0,0,0,1,65990,3,104,18
692,4,0,8,7,0,1,6,0,2,1,0,0,0,1,1,98020,2,0,0
693,4,0,8,7,0,1,6,0,2,1,1,0,0,0,1,63990,3,90,13
694,1,0,8,7,3,1,6,0,2,0,0,2,0,0,1,49890,3,6,1
695,3,0,8,7,3,1,6,0,2,1,0,2,0,0,1,49990,3,47,7
696,3,0,8,7,3,1,6,0,2,1,0,2,0,0,1,59490,2,0,0
697,4,0,8,7,3,1,6,0,2,1,0,0,0,1,1,73999,3,206,27
698,3,0,8,7,2,1,6,0,2,1,0,2,0,0,1,60990,3,183,42
699,3,0,8,7,2,1,6,0,2,1,3,0,3,0,0,76190,3,358,64
700,5,0,8,7,2,5,6,0,2,1,0,2,2,1,1,74798,2,0,0
701,1,0,8,7,2,1,6,0,2,1,0,0,0,0,0,58990,3,88,13
702,4,0,8,7,2,1,6,0,2,0,2,0,3,0,0,68100,2,0,0
703,5,0,8,7,2,1,6,0,2,1,0,2,0,1,1,77990,2,0,0
704,4,0,8,7,2,1,6,0,2,1,0,2,0,0,1,55090,3,364,52
705,1,0,8,7,2,5,6,0,2,1,0,0,3,1,0,91990,2,0,0
706,4,0,8,7,2,1,6,0,2,1,0,0,0,0,1,84208,2,0,0
707,7,0,8,7,2,1,6,0,2,1,0,0,0,0,0,44990,3,313,39
708,4,0,8,7,2,1,6,0,2,1,0,2,0,0,1,53490,3,826,118
709,5,0,8,7,2,1,6,0,2,1,2,0,3,0,0,76498,2,0,0
710,3,0,8,7,2,1,6,0,2,1,2,0,0,0,0,98920,2,0,0
711,6,0,8,7,2,1,6,0,2,1,0,0,3,0,0,54990,3,1410,203
712,7,0,8,7,2,1,6,0,2,1,0,0,0,0,0,49990,3,47,6
713,4,0,8,7,2,1,6,0,2,0,0,0,3,0,0,52380,2,0,0
714,7,0,8,7,2,1,6,0,2,1,0,2,0,0,0,49990,3,6,1
715,4,0,8,7,2,1,6,0,2,1,0,2,0,0,1,52500,3,741,67
716,1,0,8,7,2,1,6,0,2,1,0,2,0,0,1,49990,3,14,2
717,7,0,8,7,2,1,6,0,2,1,0,2,0,0,0,75999,2,0,0
718,1,0,8,7,2,1,6,0,2,1,0,0,0,0,0,80990,2,0,0
719,5,0,8,7,2,1,6,0,2,0,0,0,0,0,0,59900,2,3,0
720,4,0,8,7,2,1,6,0,2,1,0,2,0,0,1,54590,3,349,69
721,3,0,8,7,2,1,6,0,2,1,0,0,0,1,1,75500,2,0,0
722,4,0,8,7,3,1,6,0,2,1,0,2,0,0,1,51890,3,519,48
723,1,0,8,7,0,1,6,0,2,1,0,0,0,0,0,78000,1,3,0
724,4,0,8,7,0,1,6,0,2,1,0,2,0,0,1,59999,3,19,1
725,4,0,8,7,3,1,6,0,2,1,2,1,0,0,1,64990,2,8,1
726,3,0,8,7,2,1,1,0,2,0,0,0,3,0,0,57900,3,3,1
727,5,0,8,7,2,5,1,0,2,1,0,2,2,1,1,81978,2,0,0
728,4,0,8,7,2,1,0,1,2,1,2,1,0,0,0,59990,3,1480,151
729,3,0,8,7,3,1,4,1,2,1,0,0,3,0,0,49490,3,31,3
730,1,0,8,7,3,1,4,1,2,1,0,0,0,0,0,54990,3,18,3
731,5,0,8,7,3,1,4,1,2,1,2,0,3,0,0,68500,3,271,24
732,1,0,8,7,3,1,4,1,2,1,0,0,0,0,0,54990,3,49,6
733,1,0,8,7,3,1,4,1,2,0,0,0,0,0,1,54990,3,474,65
734,5,0,8,7,3,1,4,1,2,1,0,1,0,0,1,63990,3,861,116
735,4,0,8,7,2,1,4,1,2,1,2,1,0,0,0,80000,3,34,6
736,3,0,8,7,2,1,4,1,2,0,0,0,3,0,0,51990,2,0,0
737,1,0,8,7,2,1,4,1,2,1,0,0,0,0,1,62990,3,165,34
738,4,0,8,7,2,1,4,1,2,1,0,2,0,0,0,52990,3,698,74
739,1,0,8,7,2,1,4,1,2,1,0,2,0,0,1,75100,2,0,0
740,1,0,9,7,0,1,6,0,2,0,2,1,3,0,0,76990,3,22,3
741,1,0,9,7,0,1,6,0,2,1,2,0,0,0,0,79990,2,0,0
742,1,0,9,7,3,1,6,0,2,1,2,0,3,0,0,71990,3,144,16
743,1,0,9,7,3,1,6,0,2,1,2,0,3,0,0,71990,3,1810,235
744,5,0,9,7,0,1,6,0,2,1,2,0,0,0,1,99990,3,26,1
745,1,0,9,7,0,1,6,0,2,1,0,0,0,0,0,79990,2,0,0
746,3,0,9,7,0,1,6,0,2,1,2,0,0,0,0,93990,2,0,0
747,1,0,9,7,0,1,6,0,2,1,2,1,3,0,0,82990,3,1067,145
748,1,0,9,7,2,2,6,0,2,1,2,0,3,0,0,106990,2,0,0
749,1,0,9,7,2,1,6,0,2,1,0,0,0,0,0,92990,3,25,4
750,5,1,9,7,2,1,6,0,2,0,2,0,2,0,1,81490,2,0,0
751,1,0,9,7,2,1,6,0,2,1,0,0,0,0,1,56990,2,0,0
752,6,0,9,7,2,1,6,0,2,1,0,0,3,0,0,64990,2,0,0
753,5,0,9,7,2,1,6,0,2,1,0,0,0,0,1,60990,3,530,69
754,5,0,9,7,2,1,6,0,2,1,2,0,0,0,1,84988,2,0,0
755,4,0,9,7,2,1,6,0,2,1,2,0,0,0,0,90990,3,273,40
756,1,0,9,7,2,1,6,0,2,1,0,0,0,0,0,63990,3,77,7
757,5,0,9,7,2,1,6,0,2,1,0,0,0,0,1,63990,3,105,10
758,4,0,9,7,2,1,6,0,2,1,0,2,0,0,1,57999,3,44,5
759,1,0,9,7,2,1,6,0,2,0,2,0,3,0,0,72400,2,0,0
760,5,0,9,7,2,1,6,0,2,1,0,0,0,1,0,78990,3,6,0
761,7,0,9,7,2,1,6,0,2,1,0,2,0,0,0,59990,2,0,0
762,1,0,9,7,2,2,6,0,2,0,2,0,0,0,0,111990,2,0,0
763,4,0,9,7,2,1,6,0,2,0,0,0,3,1,0,109000,2,0,0
764,3,0,9,7,2,1,6,0,2,1,3,0,3,0,0,89990,3,191,27
765,5,0,9,7,2,1,6,0,2,1,0,0,2,1,1,78988,2,0,0
766,5,0,9,7,2,1,6,0,2,1,2,0,3,0,0,73138,2,4,1
767,5,0,9,7,2,1,6,0,2,1,2,0,0,0,0,106990,2,0,0
768,1,0,9,7,2,1,6,0,2,0,2,0,3,0,0,79990,2,0,0
769,3,0,9,7,2,1,6,0,2,1,0,0,0,1,1,89570,2,0,0
770,4,0,9,7,2,1,6,0,2,1,0,2,0,0,1,68500,3,134,22
771,5,0,9,7,0,1,6,0,2,1,0,0,0,0,0,73400,2,0,0
772,4,0,9,7,0,1,6,0,2,1,1,0,0,0,1,79990,2,23,6
773,4,0,9,7,0,1,6,0,2,1,2,1,0,0,1,84990,1,4,2
774,6,0,9,7,0,1,1,0,2,1,4,0,0,0,0,99990,3,108,24
775,1,0,9,7,3,5,1,0,2,1,2,0,3,0,0,72990,3,198,24
776,4,0,9,7,0,1,1,0,2,1,0,2,0,1,1,92990,2,0,0
777,4,0,9,7,0,1,1,0,2,1,0,2,0,0,1,84190,2,0,0
778,1,0,9,7,0,5,1,0,2,1,0,0,3,1,0,112990,2,0,0
779,1,0,9,7,2,2,1,0,2,0,2,0,0,0,0,114990,2,0,0
780,7,0,9,7,2,1,1,0,2,1,2,0,0,0,0,99990,2,0,0
781,1,0,9,7,2,1,1,0,2,0,2,1,3,0,0,95990,3,57,3
782,4,0,9,7,2,1,1,0,2,1,4,0,0,0,0,159990,3,17,2
783,1,0,9,7,2,1,1,0,2,1,0,0,0,0,1,76990,2,0,0
784,5,0,9,7,2,1,1,0,2,1,3,0,0,0,1,130990,2,0,0
785,1,0,9,7,2,1,1,0,2,1,0,0,0,0,0,99990,2,0,0
786,1,0,9,7,2,2,1,0,2,1,2,0,3,0,0,112990,2,0,0
787,5,0,9,7,2,1,1,0,2,1,0,0,0,0,1,77988,2,0,0
788,1,0,9,7,2,1,1,0,2,1,0,0,0,0,1,76000,4,1,1
789,1,0,9,7,2,5,1,0,2,1,2,0,0,1,0,99990,3,77,15
790,1,0,9,7,2,1,1,0,2,1,0,0,0,0,0,111000,2,0,0
791,1,0,9,7,0,5,1,0,2,1,0,2,0,0,1,84970,2,2,1
792,4,0,9,7,0,1,4,1,2,1,2,1,0,0,1,75990,3,1084,123
793,7,0,9,7,0,1,4,1,2,1,3,0,0,0,0,89990,3,272,36
794,7,0,9,7,0,1,4,1,2,1,2,0,3,0,0,81990,3,141,24
795,5,0,9,7,2,1,6,1,2,0,0,0,3,0,0,80490,2,0,0
796,1,0,10,7,0,1,1,0,2,1,3,0,0,0,0,135990,2,0,0
797,1,0,10,7,0,1,1,0,2,0,0,0,0,0,0,154990,3,194,42
798,1,0,10,7,0,1,1,0,2,1,4,0,0,0,1,199990,3,9,2
799,1,0,10,7,0,1,1,0,2,1,2,0,3,0,0,114990,3,28,4
800,1,0,10,7,0,1,1,0,2,1,3,0,0,0,1,129990,3,204,35
801,1,0,10,7,0,5,1,0,2,1,2,0,0,1,1,114990,3,32,6
802,6,0,10,7,2,1,1,0,2,1,0,0,3,0,0,146990,2,0,0
803,1,0,10,7,2,1,1,0,2,1,0,0,0,0,0,104990,3,14,2
804,1,0,10,7,2,5,1,0,2,1,2,0,0,1,0,114990,3,14,1
805,1,0,10,7,2,5,1,0,2,1,2,0,0,1,1,124990,4,3,0
806,1,0,10,7,2,5,1,0,2,1,0,0,3,1,0,134990,2,0,0
807,4,0,10,7,2,1,1,0,2,1,4,0,0,0,1,141990,2,0,0
808,1,0,10,7,2,1,1,0,2,1,0,0,0,0,0,129990,2,0,0
809,1,0,10,7,2,5,1,0,2,1,2,0,0,1,1,142990,3,4,1
810,1,0,10,7,2,1,1,0,2,1,0,0,0,0,0,121990,2,0,0
811,1,0,10,7,2,5,1,0,2,1,2,0,0,1,1,124990,3,44,12
812,1,0,10,7,2,1,1,0,2,1,3,0,3,0,0,141990,3,61,13
813,1,0,10,7,2,1,1,0,2,1,2,0,0,0,0,162990,2,0,0
814,1,0,10,7,2,1,1,0,2,1,0,0,0,0,0,130500,2,0,0
815,1,0,10,7,2,1,1,0,2,1,2,0,3,0,0,116990,2,0,0
816,1,0,10,7,2,1,1,0,2,0,3,0,3,0,0,138990,2,0,0
817,1,0,10,7,2,5,1,0,2,1,2,0,0,1,1,234990,2,0,0
818,1,0,10,7,2,1,1,0,2,1,0,0,0,0,0,135990,2,0,0
819,1,0,10,7,2,1,1,0,2,1,0,0,0,0,0,144990,2,0,0
820,1,0,10,7,2,1,1,0,2,1,2,0,0,0,0,149990,2,0,0
821,1,0,10,7,2,1,1,0,2,1,2,0,0,0,0,142990,2,0,0
822,5,0,8,0,3,1,6,0,0,1,0,2,3,0,0,57490,3,18,4
